id,milestone,priority,title,owner_role,size,status,dependencies,requirement_ids,acceptance_ids,deliverable,acceptance_criteria
WX-M0-001,M0,Must,Create normative monorepo directory skeleton,technical_lead,S,todo,,NFR-M-004,,Directories/workspaces from AGENTS.md with placeholder READMEs only where required.,pnpm and uv discover all intended packages; no implementation is outside the ownership map.
WX-M0-002,M0,Must,"Pin Node, pnpm, Python, uv, lint and test toolchains",operations_owner,S,todo,WX-M0-001,NFR-SEC-006;NFR-C-001;NFR-C-002,,"Version files, packageManager, uv lock/tool config and bootstrap checks.",Clean supported host reports exact versions and bootstrap fails clearly on incompatible versions.
WX-M0-003,M0,Must,Install and validate JSON Schema 2020-12 contracts,data_owner,S,todo,WX-M0-001,NFR-M-003;NFR-C-004,,Schema validation package and CI command.,Every schema and example validates; invalid fixture fails with field path.
WX-M0-004,M0,Must,Generate TypeScript and Python contract types,technical_lead,M,todo,WX-M0-003,NFR-M-003,,Reproducible code generation into packages/contracts.,Generated output is deterministic and CI rejects drift.
WX-M0-005,M0,Must,Validate OpenAPI and generate SDK stubs,control_plane_owner,M,todo,WX-M0-003;WX-M0-004,NFR-C-003,,OpenAPI validation plus TS/Python clients/server types.,Every operationId generates and reference clients compile.
WX-M0-006,M0,Must,Build deterministic HTTP and browser fixture origin,quality_owner,L,todo,WX-M0-002,NFR-M-002,,"Local fixture service for HTML, SPA, redirects, auth, feeds, APIs and failure modes.",Fixture version is deterministic and test cases run without public internet.
WX-M0-007,M0,Must,Build adversarial security fixture corpus,security_owner,L,todo,WX-M0-006,NFR-SEC-010,AC-005;AC-006;AC-007,SSRF/DNS/browser/archive/document/secret canary fixtures.,Protected endpoints prove no denied request reaches them and fixtures are licensed/local.
WX-M0-008,M0,Must,Create component lock resolver and manifest,operations_owner,M,todo,WX-M0-002,NFR-SEC-006,,"Tool resolves package, image, browser and optional model digests.",Release mode rejects unresolved/latest versions and emits machine-readable lock.
WX-M0-009,M0,Must,"Create dependency inventory, SBOM and notice pipeline",technical_lead,M,todo,WX-M0-008,NFR-SEC-006,,Dependency/license report and THIRD_PARTY_NOTICES generation.,All direct components appear with license/source/version; unresolved license blocks release.
WX-M0-010,M0,Must,"Configure format, lint, typecheck and unit test targets",quality_owner,M,todo,WX-M0-002;WX-M0-004,NFR-M-007,,Unified Make targets for TS/Python/SQL/shell/docs.,Targets pass on empty scaffold and fail on seeded violations.
WX-M0-011,M0,Must,"Add documentation link, ID and CSV validators",quality_owner,S,todo,WX-M0-010,NFR-M-006,,"docs-check validates local links, requirement/ADR/backlog IDs and CSV dependencies.","A broken link, duplicate backlog ID or dependency cycle fails CI."
WX-M0-012,M0,Must,Create reference Compose skeleton and profile validation,operations_owner,M,todo,WX-M0-001;WX-M0-008,NFR-S-004;NFR-SEC-002,,Rootless-oriented compose profiles with internal networks and placeholder locked images.,Compose validates; no sensitive service publishes 0.0.0.0; no Docker socket/home mounts.
WX-M0-013,M0,Must,Establish pull-request CI and release-check orchestration,quality_owner,M,todo,WX-M0-003;WX-M0-005;WX-M0-010;WX-M0-011;WX-M0-012,NFR-M-002,,CI workflows and make bootstrap/release commands.,M0 exit-gate command passes in clean CI using only local fixtures.
WX-M1-001,M1,Must,Implement typed configuration loader and schema,control_plane_owner,M,todo,WX-M0-004,FR-007;FR-008;FR-141;NFR-SEC-009,AC-016,"YAML/env interpolation, validation, effective redacted config.","Reject unknown fields, unsafe exposure, Ollama runtime and external model endpoints."
WX-M1-002,M1,Must,Implement SQLite migration framework and baseline schema,data_owner,L,todo,WX-M0-003;WX-M1-001,FR-005;FR-160;NFR-R-001;NFR-M-005;NFR-S-007,,Explicit migrations based on reference SQL.,Empty and prior fixture DB migrate transactionally; checksums recorded; foreign keys enabled.
WX-M1-003,M1,Must,"Implement actor, API key and Unix-socket authentication",security_owner,L,todo,WX-M1-001;WX-M1-002,FR-002;FR-011;NFR-SEC-007;NFR-SEC-009,,Local peer actor and loopback scoped bearer auth.,Unauthorized routes fail; socket ACL checks and token rotation tests pass.
WX-M1-004,M1,Must,"Implement role, visibility and collection policy engine",security_owner,L,todo,WX-M1-002;WX-M1-003,FR-074;FR-086;FR-095;NFR-SEC-007;NFR-PR-003,AC-011;AC-026,Deterministic policy decision and effective limits.,Deny wins; visibility never downgrades; decision hash is attached to jobs.
WX-M1-005,M1,Must,Implement URL normalization and canonical URL keys,control_plane_owner,M,todo,WX-M1-001,FR-030;FR-059;NFR-L-003,,Standards-based URL parser/normalizer with test corpus.,Idempotent normalization preserves meaningful Unicode/path/query semantics and rejects URL credentials.
WX-M1-006,M1,Must,Implement DNS/IP/redirect SSRF policy library,security_owner,L,todo,WX-M1-004;WX-M1-005;WX-M0-007,FR-031;FR-032;FR-044;NFR-SEC-001;NFR-SEC-010,AC-005;AC-006,"Shared resolver, address classifier and connection grant.",All encoded IPv4/IPv6/private/link-local/metadata/rebind fixtures are blocked before connection.
WX-M1-007,M1,Must,"Implement durable jobs, leases and state machine",control_plane_owner,L,todo,WX-M1-002;WX-M1-004,FR-005;FR-010;NFR-R-003,,"SQLite queue, claim/heartbeat/expiry/retry/dead letter.",A job survives restart; illegal transitions fail; leases are safely reclaimed.
WX-M1-008,M1,Must,Implement idempotency and cancellation,control_plane_owner,M,todo,WX-M1-007,FR-005;FR-006;NFR-R-004,,Actor-scoped idempotency records and cooperative cancellation.,Same request/key returns same job; body conflict returns stable error; cancellation is terminal-safe.
WX-M1-009,M1,Must,Implement content-addressed blob and artifact metadata store,data_owner,L,todo,WX-M1-002,FR-070;FR-073;NFR-S-005;NFR-S-006,,"SHA-256 blob paths, metadata, references and verification.",Duplicate bytes reuse blob; paths cannot escape root; corrupt hash fails commit.
WX-M1-010,M1,Must,Implement atomic artifact commit coordinator,data_owner,L,todo,WX-M1-007;WX-M1-009,FR-071;NFR-R-005,,Staging/fsync/finalization plus DB transaction and crash recovery journal.,Fault injection at each commit point yields zero or one complete committed artifact set.
WX-M1-011,M1,Must,Implement Markdown visit receipt writer,content_owner,M,todo,WX-M1-010;WX-M0-003,FR-050;FR-063,AC-005,Schema-valid system-generated receipt for synthetic jobs and denials.,Each terminal admitted synthetic visit has exactly one immutable receipt with safe error context.
WX-M1-012,M1,Must,Implement audit event store and redaction,security_owner,M,todo,WX-M1-003;WX-M1-004;WX-M1-007,FR-011;FR-164;NFR-SEC-004;NFR-O-003;NFR-D-007;NFR-PR-005,AC-028,Append-only hash-chained safe audit records.,Sensitive fixture values are absent; required actions generate correlated records.
WX-M1-013,M1,Must,Implement webxd health/version/capabilities and Unix socket,control_plane_owner,L,todo,WX-M1-001;WX-M1-002;WX-M1-003;WX-M1-007;WX-M1-010,FR-002;FR-009;NFR-O-005,,Fastify daemon core routes and readiness checks.,Live/ready semantics distinguish optional degradation and fail on unwritable storage/migration mismatch.
WX-M1-014,M1,Must,"Implement CLI status, config, jobs and artifacts commands",control_plane_owner,L,todo,WX-M1-013;WX-M0-005,FR-001;FR-003;FR-004;FR-005;FR-007;FR-009;FR-073;NFR-A-002;NFR-A-003;NFR-P-003,AC-022,Generated SDK client and canonical CLI basics.,"Human, JSON and JSONL outputs conform; exit codes/error mapping are stable."
WX-M1-015,M1,Must,"Qualify daemon restart, policy denial and synthetic receipt slice",quality_owner,M,todo,WX-M1-006;WX-M1-008;WX-M1-011;WX-M1-014;WX-M1-904,FR-005;FR-044;FR-050;NFR-R-001;NFR-R-002;NFR-SEC-011,AC-005;AC-019,M1 integration/security suite and gate evidence.,Restart/cancel/SSRF/receipt tests pass and webxd remains healthy after worker simulation.
WX-M1-901,M1,Must,Implement mandatory egressd gateway and internal-only worker networks,security_platform_owner,L,todo,WX-M1-006;WX-M1-007,FR-031;FR-032;FR-044;NFR-SEC-001;NFR-SEC-010;NFR-SEC-011,AC-005;AC-006;AC-019,"Fail-closed HTTP CONNECT and SOCKS5h egress gateway with attempt-scoped sessions, destination grants and connection pinning.","Workers have no direct WAN route; every origin connection is authorized by webxd, pinned to an admitted address and correlated to one live attempt."
WX-M1-902,M1,Must,Implement egress authorization callback and attempt-bound grant lifecycle,control_plane_owner,M,todo,WX-M1-007;WX-M1-901,FR-005;FR-044;NFR-R-003,AC-005;AC-006;AC-007,"Internal authorization API, short-lived grants, budget counters, revocation and audit correlation.","Unknown, expired, canceled, over-budget or mismatched attempts are denied before connection and grants cannot be reused across jobs."
WX-M1-903,M1,Must,Deploy rootless egressd with deny-by-default network topology,operations_owner,M,todo,WX-M1-901;WX-M1-902,FR-044;NFR-SEC-002;NFR-SEC-010;NFR-S-004;NFR-SEC-011,AC-005;AC-006;AC-029,Compose and systemd topology where only egressd has origin-facing network access and all worker networks are internal.,Network inspection and packet canaries prove workers cannot reach public or protected addresses except through an authorized egressd session.
WX-M1-904,M1,Must,"Qualify egress gateway bypass, rebinding and crash-containment controls",quality_owner,L,todo,WX-M1-902;WX-M1-903,FR-031;FR-032;FR-033;FR-044;NFR-R-003;NFR-SEC-010;NFR-SEC-011,AC-005;AC-006;AC-007;AC-019,"Adversarial suite for direct sockets, alternate DNS paths, redirect pivots, rebinding, gateway restart and canceled attempts.",No denied packet reaches protected fixtures; gateway or worker failure creates no accepted partial artifacts and active grants are safely invalidated.
WX-M2-001,M2,Must,Implement bounded HTTP transport and response streaming,retrieval_owner,L,todo,WX-M1-006;WX-M1-007;WX-M1-010,FR-030;FR-033;FR-040;NFR-P-004,AC-001;AC-007,HTTP GET/HEAD engine with wire/decompressed/time budgets.,Static fixture succeeds; oversized/compression fixtures abort without memory/disk overrun.
WX-M2-002,M2,Must,"Implement redirects, conditional requests and cache metadata",retrieval_owner,M,todo,WX-M2-001,FR-032;FR-035;FR-043,AC-002;AC-006,"Redirect chain, ETag/Last-Modified and cache validators.",Every redirect is reauthorized; unchanged fixture uses validators and records metadata.
WX-M2-003,M2,Must,"Implement charset, MIME and language detection",content_owner,M,todo,WX-M2-001,FR-040;FR-051;NFR-L-001,,Bounded detection and normalized UTF-8 representation.,Representative encodings/languages round-trip without corrupting code/diacritics.
WX-M2-004,M2,Must,Implement embedded structured metadata extraction,content_owner,M,todo,WX-M2-003,FR-055,,extruct-based JSON-LD/Microdata/RDFa/OpenGraph/DC output.,Fixture metadata is deterministic and malformed records produce warnings not crashes.
WX-M2-005,M2,Must,Implement main-content extraction comparison,content_owner,L,todo,WX-M2-003,FR-039;FR-056,AC-001,Trafilatura/Readability deterministic candidates and quality selection.,Article/table/code fixtures select expected content and preserve source evidence.
WX-M2-006,M2,Must,Implement HTML sanitization and trust labeling,security_owner,L,todo,WX-M2-004;WX-M2-005;WX-M0-007,FR-053;FR-054;NFR-SEC-003,AC-028,DOM sanitizer removing active content and source-injected frontmatter.,Scripts/forms/events/javascript URLs/hidden injection fixtures are removed or labeled; prose remains untrusted.
WX-M2-007,M2,Must,Implement canonical Markdown normalization,content_owner,L,todo,WX-M2-006,FR-057;FR-058;FR-063;NFR-C-006;NFR-L-002;NFR-L-005,AC-001;AC-027,Stable frontmatter/body/link/table/code normalization.,"Golden output is deterministic with UTF-8 LF, generated frontmatter and final newline."
WX-M2-008,M2,Must,Implement content and semantic hashes/version decision,data_owner,M,todo,WX-M2-007;WX-M1-002,FR-051;FR-052;FR-065,AC-002;AC-024,Hash/version service distinguishing unchanged/material changes.,Unchanged content reuses version; material fixture change creates exactly one new ordinal.
WX-M2-009,M2,Must,Implement canonical page and page version repositories,data_owner,L,todo,WX-M2-008;WX-M1-010,FR-051;FR-052;FR-059;FR-071;NFR-D-002,AC-001;AC-002,Page/alias/version/link/tag persistence and invariants.,Current version references valid committed artifact and canonical alias rules are deterministic.
WX-M2-010,M2,Must,Implement deterministic chunker and chunk artifacts,content_owner,L,todo,WX-M2-007;WX-M2-009,FR-064,AC-027,"Structural/token chunks with stable IDs, heading/source locations and JSONL.",Two runs produce identical boundaries/IDs/hashes; each chunk maps to source version.
WX-M2-011,M2,Must,Implement full success/failure/redirect receipt pipeline,content_owner,M,todo,WX-M2-001;WX-M2-009;WX-M1-011,FR-040;FR-050;FR-062,AC-001;AC-002;AC-005;AC-006;AC-007,Terminal receipts for all fetch outcomes.,Every accepted terminal fixture visit has one receipt; no secret/raw hostile body is embedded.
WX-M2-012,M2,Must,Expose fetch and deterministic extract API/CLI,control_plane_owner,L,todo,WX-M2-011;WX-M1-014,FR-001;FR-002;FR-003;FR-004;FR-005,AC-001;AC-002,`webx fetch`/`extract` and API routes.,"Human/JSON output returns bounded excerpt, IDs, paths, warnings and projection states."
WX-M2-013,M2,Should,Implement local artifact/page/visit read and diff commands,control_plane_owner,M,todo,WX-M2-009;WX-M2-012,FR-027;FR-065;FR-073,AC-023,Read/excerpt/metadata/version/diff CLI/API.,Visibility enforced; bounded excerpts work offline and label retrieval timestamps.
WX-M2-014,M2,Must,Add fault-injection and corpus pipeline E2E suite,quality_owner,L,todo,WX-M2-001;WX-M2-011;WX-M2-012,NFR-R-005;NFR-M-002,AC-001;AC-002;AC-005;AC-006;AC-007;AC-027,M2 end-to-end and atomicity evidence.,All acceptance fixtures pass and crash points leave no partial accepted page version.
WX-M3-001,M3,Must,Deploy pinned Meilisearch CE with scoped keys,search_owner,M,todo,WX-M0-012;WX-M1-001,FR-080;FR-086;NFR-SEC-005,,"Internal Meilisearch service, master/admin/search key provisioning.",No public listener; clients never receive admin/master key; readiness reports health.
WX-M3-002,M3,Must,Implement page/current chunk/history document builders,search_owner,L,todo,WX-M2-009;WX-M2-010,FR-081;FR-082;FR-083,AC-009;AC-026,Deterministic Meilisearch documents and visibility fields.,Document IDs/fields validate against settings and source hashes/IDs resolve.
WX-M3-003,M3,Must,Apply versioned Meilisearch index settings before load,search_owner,M,todo,WX-M3-001;WX-M3-002,FR-080,AC-009,Index manifest/settings migrator.,Fresh indexes have exact settings/primary keys before any document ingestion.
WX-M3-004,M3,Must,Implement durable index outbox and task reconciliation,data_owner,L,todo,WX-M3-002;WX-M1-002,FR-084;NFR-R-006,AC-009,"Transactional projection rows, batching, Meilisearch task polling/recovery.",Crash at submit/ack is replay-safe; source commit succeeds during Meilisearch outage.
WX-M3-005,M3,Must,Implement local lexical page/chunk/history search,search_owner,L,todo,WX-M3-003;WX-M3-004,FR-021;FR-024;FR-027;FR-085;FR-086;NFR-L-004,AC-023;AC-026,Search API/CLI with filters/facets/highlights and evidence labels.,Queries honor visibility/collection and return current/history IDs/artifacts.
WX-M3-006,M3,Should,Implement local result fusion and deduplication,search_owner,M,todo,WX-M3-005,FR-023;FR-026;FR-085,,Reciprocal rank fusion for page/chunk/local provider results.,Provider rank/provenance retained; duplicate canonical URLs collapse predictably.
WX-M3-007,M3,Must,Implement online/offline Meilisearch rebuild and validation,search_owner,L,todo,WX-M3-003;WX-M3-004;WX-M3-005,FR-072;FR-087;NFR-P-008,AC-009,"Versioned rebuild, count/hash/query validation and atomic switch.",Deleting index data and rebuilding reproduces acceptance-equivalent results and visibility.
WX-M3-008,M3,Must,Implement wiki consumer registry and visibility policy,data_owner,M,todo,WX-M1-004;WX-M2-009,FR-090;FR-095,AC-011,Consumer/collection/max-visibility records and eligibility.,Private/secret ineligible by default; attempted over-ceiling delivery is denied/tested.
WX-M3-009,M3,Must,Implement wiki intake envelope and filesystem export,data_owner,L,todo,WX-M3-008;WX-M1-010,FR-091;FR-092;FR-096,AC-010,Atomic JSON envelope export referencing source Markdown.,Envelope schema/hash validates; temp/rename crash recovery is deterministic.
WX-M3-010,M3,Must,"Implement wiki cursor API, leases and acknowledgements",control_plane_owner,L,todo,WX-M3-009;WX-M1-013,FR-092;FR-093,AC-010,Scoped consumer endpoints and stable sequence cursor.,Ack/reject/defer are idempotent; out-of-order/duplicate cases pass.
WX-M3-011,M3,Must,"Implement wiki retries, dead letter, replay and backfill",data_owner,L,todo,WX-M3-010,FR-094;FR-097,AC-010;AC-020,Dispatcher/reconciliation/backfill/tombstone state.,Three replays create one logical wiki version; tombstones cannot be silently lost.
WX-M3-012,M3,Must,Expose corpus/index/wiki CLI administration,control_plane_owner,M,todo,WX-M3-005;WX-M3-007;WX-M3-011,FR-001;FR-003;FR-073;FR-087;FR-094,AC-009;AC-010,Search/status/drain/rebuild/wiki status/replay/backfill commands.,"Commands match API, use safe confirmation, and report backlog/task states."
WX-M3-013,M3,Should,"Implement corpus statistics, export and capacity forecast",data_owner,M,todo,WX-M3-005,FR-073;FR-083;FR-089;NFR-S-001,,Stats by kind/collection/visibility and JSONL/Markdown/Parquet export jobs.,Exports enforce visibility and forecast measured storage/index growth.
WX-M3-014,M3,Must,Qualify corpus nucleus MVP,quality_owner,L,todo,WX-M3-007;WX-M3-011;WX-M3-012;WX-M3-903;WX-M3-904;WX-M3-905,FR-021;FR-072;FR-087;FR-090;FR-092;FR-094;NFR-P-002;NFR-P-005;NFR-P-006;FR-020;FR-022;FR-027;FR-088;FR-089;FR-096,AC-001;AC-002;AC-009;AC-010;AC-011;AC-023;AC-026,"M0-M3 acceptance, outage, rebuild and wiki replay evidence.",MVP quality gate passes on clean CPU host with models disabled.
WX-M3-901,M3,Must,Deploy and harden self-hosted SearXNG current-web discovery,search_owner,L,todo,WX-M0-012;WX-M1-901;WX-M1-902,FR-020;FR-023;FR-024;FR-025;FR-026;FR-044;NFR-SEC-011,AC-005;AC-029,"Pinned SearXNG service, engine configuration, scoped local API adapter, health scoring, safe result limits and egressd routing.",Fixture queries return normalized provider-attributed results; unhealthy engines degrade independently; search-only creates no visits; direct origin access outside egressd is impossible.
WX-M3-902,M3,Must,Implement research discovery adapters and deterministic result normalization,search_owner,L,todo,WX-M3-901;WX-M1-006,FR-020;FR-022;FR-023;FR-024;FR-025;FR-026,AC-029,"Crossref, arXiv and PubMed adapters plus common normalized search record, provider health, caching and reciprocal-rank fusion.",Recorded fixtures preserve provider/rank/query/timestamp and filters; identical inputs fuse deterministically; disabled or throttled providers do not fail the search job.
WX-M3-903,M3,Must,"Expose external, local and offline search with explicit fetch handoff",control_plane_owner,L,todo,WX-M3-005;WX-M3-902;WX-M1-014,FR-001;FR-002;FR-003;FR-020;FR-021;FR-022;FR-023;FR-024;FR-025;FR-026;FR-027,AC-023;AC-029,"`webx search` and API routes for source selection, filters, JSON/JSONL, offline mode and explicit result fetch.",Search-only writes no visit; selected `--fetch` enters the normal visit/Markdown pipeline; offline mode emits zero egress and combines only local indexes/artifacts.
WX-M3-904,M3,Should,Implement policy-aware exact and regex corpus search,search_owner,M,todo,WX-M2-009;WX-M1-004,FR-027;FR-073;FR-088,AC-023;AC-026,"Controlled ripgrep-all adapter with approved roots, visibility filters, bounded excerpts/results and optional SQLite FTS5 fallback.",Exact/regex searches work offline across allowed artifacts; path traversal and secret visibility are denied; output links to immutable artifact IDs and source locations.
WX-M3-905,M3,Should,Implement read-only DuckDB corpus analytics over approved exports,data_owner,M,todo,WX-M3-013;WX-M1-004,FR-073;FR-089,AC-022;AC-023;AC-026,"Approved JSONL/CSV/Parquet views, read-only DuckDB runner, query/resource policy and structured result export.",Only SELECT-like read-only queries against approved views execute; live SQLite and arbitrary files are unreachable; time/memory/row limits and visibility are enforced.
WX-M4-001,M4,Must,Implement worker protocol and browserd service,retrieval_owner,L,todo,WX-M1-007;WX-M0-004,FR-005;FR-036;NFR-M-001,AC-019,Versioned lease/observation/staging protocol and persistent service.,"Capability negotiation, cancellation, heartbeat and crash isolation pass."
WX-M4-002,M4,Must,Implement Crawlee CheerioCrawler adapter,retrieval_owner,M,todo,WX-M4-001;WX-M2-001,FR-034;FR-037;FR-040,AC-001,Queued fast HTML adapter under policy grants.,Static fixture uses HTTP route and produces observation equivalent to core pipeline.
WX-M4-003,M4,Must,Implement Crawlee PlaywrightCrawler adapter,retrieval_owner,L,todo,WX-M4-001;WX-M0-007,FR-034;FR-036;FR-040;NFR-SEC-002,AC-003,Browser adapter with sandbox/interception/budgets/evidence.,SPA fixture renders; private subrequests blocked; browser crash contained.
WX-M4-004,M4,Must,Implement named ephemeral browser sessions,retrieval_owner,L,todo,WX-M4-003;WX-M1-004,FR-101,AC-017,"Session lifecycle, TTL, owner binding and document generations.",References are session/document scoped; expiry/close clears profile.
WX-M4-005,M4,Must,Implement browser snapshots and safe actions,retrieval_owner,L,todo,WX-M4-004,FR-100,AC-017;AC-018,Navigate/snapshot/click/type/select/upload/screenshot/PDF/console/network/trace.,No arbitrary JS for Pi; stale refs fail; secret typing is redacted.
WX-M4-006,M4,Must,Implement browser resource and download interception,security_owner,M,todo,WX-M4-003;WX-M1-006,FR-031;FR-044;FR-102;NFR-SEC-001,,Subresource/WebSocket/download policy enforcement.,Denied endpoint receives no traffic; downloads route through staged artifact handler.
WX-M4-007,M4,Must,Implement auto quality gates and route escalation,retrieval_owner,L,todo,WX-M2-005;WX-M4-002;WX-M4-003,FR-034;FR-039,AC-003,Quality score/reason routing HTTP -> browser.,Static stays HTTP; SPA escalates; reasons/observations are stored.
WX-M4-008,M4,Must,"Implement domain profiles, rate limits and circuit breakers",retrieval_owner,L,todo,WX-M4-007;WX-M1-002,FR-041,,"Per-domain capability cache, cooldown, retry-after and health circuit.",Known domains reuse route; repeated failures open circuit without global outage.
WX-M4-009,M4,Must,Implement durable crawl entity and frontier,retrieval_owner,L,todo,WX-M4-001;WX-M1-007,FR-005;FR-103;FR-104;NFR-S-002,AC-008,Crawl/frontier/checkpoint/scope/budget repositories.,100k queued fixture URLs do not grow daemon memory unbounded.
WX-M4-010,M4,Must,Implement Crawlee crawl execution and scope rules,retrieval_owner,L,todo,WX-M4-002;WX-M4-003;WX-M4-009,FR-042;FR-103,AC-008,HTTP/browser crawl with include/exclude/origin/robots/budgets.,Every dequeued attempted target receives receipt; unattempted never receives false receipt.
WX-M4-011,M4,Must,"Implement crawl pause, resume, cancel and restart recovery",retrieval_owner,M,todo,WX-M4-009;WX-M4-010,FR-005;FR-104,AC-008;AC-019,Control commands and safe checkpoint recovery.,Cancellation stops new leases; restart resumes without duplicate completed visits.
WX-M4-012,M4,Must,Expose browser and crawl API/CLI,control_plane_owner,L,todo,WX-M4-005;WX-M4-011,FR-001;FR-002;FR-100;FR-103;FR-104,AC-008;AC-022,Canonical command groups and API routes.,JSON/human outputs and permission implications match contract.
WX-M4-013,M4,Must,Implement browser/crawl resource telemetry and cleanup,operations_owner,M,todo,WX-M4-003;WX-M4-010,FR-164;NFR-O-002;NFR-S-003,AC-019,Memory/process/session/frontier metrics and orphan profile/staging cleanup.,Soak test has no unbounded growth; stale resources are quarantined/removed.
WX-M4-014,M4,Must,Qualify browser routing and crawl resilience,quality_owner,L,todo,WX-M4-007;WX-M4-011;WX-M4-013,FR-034;FR-036;FR-103;FR-104;NFR-P-007;NFR-R-002,AC-003;AC-008;AC-019,"M4 E2E, crash, SSRF and budget suite.",Exit gate passes on recommended CPU profile.
WX-M5-001,M5,Must,Implement pyfetchd worker service and protocol,retrieval_owner,M,todo,WX-M4-001;WX-M0-004,FR-005;NFR-M-001,AC-019,Persistent Python service with generated contracts/health/cancellation.,Startup/import/contract/cancellation fixture passes and failure does not affect webxd.
WX-M5-002,M5,Must,Implement Scrapling fetch/session adapter,retrieval_owner,L,todo,WX-M5-001;WX-M1-006,FR-034;FR-038;FR-040,AC-004,Pinned independent HTTP/browser observation path.,Static/JS fixtures work within policy and report exact engine version.
WX-M5-003,M5,Must,Integrate Trafilatura/extruct Python outputs,content_owner,M,todo,WX-M5-001;WX-M2-004;WX-M2-005,FR-055;FR-056,,Independent deterministic extraction candidates through worker protocol.,"Outputs normalize to common contract and divergence is preserved, not hidden."
WX-M5-004,M5,Should,Implement Crawl4AI RAG postprocessor adapter,content_owner,M,todo,WX-M5-001;WX-M2-007,FR-056;FR-060;FR-105,,Explicit rag-mode Markdown/chunk/corpus derivative with hooks disabled.,Core source fetch remains authoritative; disabling adapter removes only rag capability.
WX-M5-005,M5,Must,Implement observation comparison and text similarity,retrieval_owner,L,todo,WX-M4-007;WX-M5-002,FR-038;FR-056,AC-004,"Normalized comparison, field conflicts and agreement score.",Deliberate divergence yields explicit per-field observations and low confidence.
WX-M5-006,M5,Must,Implement verify routing and degraded semantics,retrieval_owner,M,todo,WX-M5-005;WX-M4-008,FR-034;FR-038,AC-004;AC-029,Concurrent independent attempts and strict minimum observation rule.,No silent verified value; unhealthy fallback reports degraded/unavailable per config.
WX-M5-007,M5,Must,Implement Scrapling health gating and canary,operations_owner,M,todo,WX-M5-002;WX-M0-008,FR-009;FR-161;NFR-M-001;NFR-C-005,AC-029,Version-pinned startup/deep fixtures and auto-disable.,Broken import/runtime excludes engine and core routing remains healthy.
WX-M5-008,M5,Must,Expose verify results and evidence in CLI/API,control_plane_owner,M,todo,WX-M5-006,FR-001;FR-002;FR-038;FR-040;FR-061,AC-004,Structured observations/conflicts/artifact references and exit 11 partial.,Critical disagreement is machine-readable and both evidence artifacts are accessible.
WX-M5-009,M5,Must,Qualify independent fallback and verification,quality_owner,M,todo,WX-M5-007;WX-M5-008,FR-038;FR-161;NFR-R-006,AC-004;AC-029,M5 acceptance and worker failure evidence.,Divergence and disabled-worker exit gates pass.
WX-M6-001,M6,Must,Publish stable generated TypeScript SDK package,control_plane_owner,M,todo,WX-M0-005;WX-M5-008,FR-002;FR-150;NFR-M-004,,"Versioned SDK with socket transport, idempotency, events and errors.",CLI/Pi contract tests use SDK; no duplicated DTO/business rules.
WX-M6-002,M6,Must,Create Pi package skeleton and WebX skill,control_plane_owner,M,todo,WX-M6-001,FR-150;FR-156,,Installable Pi extension/skill/config package.,Pi loads package in fixture session and capability discovery succeeds.
WX-M6-003,M6,Must,Implement Pi core tools,control_plane_owner,L,todo,WX-M6-002,FR-151,AC-017,web_search/fetch/extract/verify/job/artifact/capabilities.,Tools validate inputs and call only WebX SDK; large content is bounded.
WX-M6-004,M6,Must,Implement dynamic Pi capability groups,control_plane_owner,L,todo,WX-M6-003,FR-152,AC-029,Browser/crawl/media/document/archive/monitor/network/corpus tool registration.,Only enabled healthy groups register and refresh without schema duplication.
WX-M6-005,M6,Must,Implement Pi permission/elevation adapter,security_owner,M,todo,WX-M6-003;WX-M1-004,FR-155,AC-018,Safe approval descriptor and allow-once/deny flow.,Denied approval creates no backend job/process; Pi never gets admin scopes.
WX-M6-006,M6,Must,Implement Pi untrusted-content renderers,control_plane_owner,M,todo,WX-M6-003,FR-054;FR-153;FR-154;NFR-SEC-003,AC-017,Compact title/source/time/engine/trust/excerpt/artifact renderer.,Full large body is absent and trust label is always visible in structured result.
WX-M6-007,M6,Must,Implement Pi cancellation and event progress,control_plane_owner,M,todo,WX-M6-003;WX-M1-008,FR-005;FR-150;FR-151;NFR-A-004,,Tool cancellation to job and bounded progress updates.,Interrupted tool requests cancel/cooperate and do not flood context.
WX-M6-008,M6,Must,Complete all CLI command groups and machine help,control_plane_owner,L,todo,WX-M4-012;WX-M5-008;WX-M3-012,FR-001;FR-003;FR-004;NFR-A-005,AC-022,Normative CLI surface/help/completion/JSON output.,`webx help --json` maps every command to API operation and permission.
WX-M6-009,M6,Must,"Implement NO_COLOR, narrow terminal and structured-output tests",quality_owner,M,todo,WX-M6-008,FR-003;NFR-A-001;NFR-A-006,AC-022,CLI accessibility snapshot/contract suite.,Representative commands remain understandable at 80 columns and JSON/JSONL validates.
WX-M6-010,M6,Must,Implement Pi boundary/security test harness,quality_owner,L,todo,WX-M6-005;WX-M6-006;WX-M6-007,FR-150;FR-155;FR-156;NFR-SEC-007,AC-017;AC-018,Fixture Pi session and prohibited-path assertions.,No arbitrary command/path/admin/evaluate/direct-network route is exposed.
WX-M6-011,M6,Must,Qualify Pi and complete CLI release slice,quality_owner,M,todo,WX-M6-009;WX-M6-010,FR-150;FR-151;FR-152;FR-153;FR-154;FR-155;FR-156;NFR-M-004,AC-017;AC-018;AC-022;AC-029,M6 evidence and install instructions.,Pi can search/fetch/crawl/browser/artifact/local search with disabled-capability clarity.
WX-M7-001,M7,Must,Implement secure upload/staging and file type inspection,security_owner,L,todo,WX-M1-009;WX-M1-010,FR-110;NFR-SEC-008,,"Actor-bound chunked uploads, MIME/signature detection and archive limits.",Arbitrary host paths/path traversal/bombs are rejected; source bytes hash/commit.
WX-M7-002,M7,Must,Implement document router and unified document entity,content_owner,L,todo,WX-M7-001;WX-M1-007,FR-110;FR-116,AC-012,Route by format/scan/scholarly need with original preserved.,Fixture set selects expected engine and records route/tool versions.
WX-M7-003,M7,Must,Implement Docling adapter and outputs,content_owner,L,todo,WX-M7-002,FR-111,AC-012,"Docling JSON/Markdown, tables/figures/page locations.",Native PDF/DOCX/EPUB fixtures validate and chunks link to source locations.
WX-M7-004,M7,Should,Implement Apache Tika fast/fallback adapter,content_owner,M,todo,WX-M7-002,FR-112,AC-012,Tika metadata/text triage for broad formats.,Unsupported/fast fixture routes safely and output provenance is explicit.
WX-M7-005,M7,Must,Implement scanned-PDF detection and OCRmyPDF/Tesseract,content_owner,L,todo,WX-M7-002;WX-M0-007,FR-113,AC-012,OCR route preserving searchable PDF and OCR text provenance.,Image-only fixture becomes searchable; limits and language config work.
WX-M7-006,M7,Should,Implement GROBID scholarly route,content_owner,M,todo,WX-M7-002,FR-114,AC-012,TEI/bibliography/author/affiliation/citation artifacts.,Scholarly fixture exposes expected structured references and source coordinates.
WX-M7-007,M7,Should,Implement Pandoc conversion route,content_owner,M,todo,WX-M7-002,FR-115,,Controlled text-format conversion adapter.,Selected formats convert deterministically with no arbitrary filters/scripts.
WX-M7-008,M7,Must,Integrate document Markdown/chunks/index/wiki pipeline,data_owner,L,todo,WX-M7-003;WX-M7-005;WX-M3-004;WX-M3-011,FR-064;FR-074;FR-090;FR-116,AC-012,Document source/derivatives represented as page/version/chunks.,Eligible docs search and deliver to wiki with original/derived provenance and visibility.
WX-M7-009,M7,Must,Expose document CLI/API/Pi tools,control_plane_owner,M,todo,WX-M7-008;WX-M6-004,FR-001;FR-002;FR-116;FR-152,AC-012,inspect/convert/ocr/scholarly/chunk/table/figures interfaces.,No arbitrary filesystem path in Pi/API; bounded result and artifacts returned.
WX-M7-010,M7,Must,Add malicious/large document isolation tests,security_owner,L,todo,WX-M7-003;WX-M7-005;WX-M0-007,FR-110;FR-116;NFR-SEC-008;NFR-SEC-010,,Parser fuzz/resource/path fixtures and worker containment.,"Malformed fixtures cannot escape, execute, exceed limits or crash daemon."
WX-M7-011,M7,Must,Qualify document corpus slice,quality_owner,M,todo,WX-M7-009;WX-M7-010,FR-110;FR-111;FR-112;FR-113;FR-114;FR-115;FR-116;NFR-M-001,AC-012;AC-019,M7 mixed document acceptance evidence.,All mandatory fixtures parse/search with provenance and crash isolation.
WX-M8-001,M8,Must,Implement mediad worker and subprocess safety layer,content_owner,L,todo,WX-M4-001;WX-M7-001,FR-121;FR-122;FR-127;NFR-SEC-002,AC-019,"Bounded subprocess tree, staging, cancellation and structured adapter protocol.",No shell interpolation; worker loss leaves source/committed artifacts valid.
WX-M8-002,M8,Must,Implement yt-dlp structured metadata adapter,content_owner,L,todo,WX-M8-001;WX-M0-008,FR-120,AC-013,"`-J`/structured metadata, formats, subtitles, chapters, playlist entries.",Metadata-only fixture acquires no media payload and output is version/provenance tagged.
WX-M8-003,M8,Must,Implement authorized bounded media acquisition,content_owner,L,todo,WX-M8-002;WX-M1-004,FR-121;FR-127,AC-013;AC-018,"Format selection, finite playlists, size/duration, credential grant, cancellation.",Denied approval starts no process; no DRM bypass; limits stop acquisition safely.
WX-M8-004,M8,Must,Implement FFmpeg/ffprobe inspection and processing,content_owner,L,todo,WX-M8-001,FR-122,,Probe/remux/audio extraction/subtitle/thumbnail transformations.,Local fixtures produce deterministic metadata/derived artifacts and respect limits.
WX-M8-005,M8,Should,Implement gallery-dl image gallery adapter,content_owner,M,todo,WX-M8-001,FR-123,,Bounded gallery metadata/acquisition and image artifact manifests.,Max item/byte limits and cancellation work; filenames cannot escape staging.
WX-M8-006,M8,Should,Implement Streamlink live stream adapter,content_owner,M,todo,WX-M8-001,FR-123,,Stream discovery and finite recording with duration/byte controls.,Local live fixture stops at bound/cancel and commits partial only per contract.
WX-M8-007,M8,Should,Implement aria2 transfer adapter,content_owner,M,todo,WX-M8-001,FR-123,,Resumable checksummed bounded transfers.,Failed/resumed local transfer preserves integrity and does not execute output.
WX-M8-008,M8,Must,Implement subtitle normalization and whisper.cpp transcription,content_owner,L,todo,WX-M8-002;WX-M8-004,FR-124;FR-125,AC-014,Subtitle-first transcript pipeline and portable ASR model provenance.,Subtitle fixture avoids ASR; no-subtitle fixture uses whisper.cpp and timestamps validate.
WX-M8-009,M8,Should,Implement faster-whisper GPU transcription profile,content_owner,M,todo,WX-M8-008,FR-125,,Optional compatible ASR route with same transcript contract.,Disabled profile has no core impact; GPU fixture output maps to common schema.
WX-M8-010,M8,Must,Integrate media metadata/transcripts into corpus/index/wiki,data_owner,L,todo,WX-M8-008;WX-M3-004;WX-M3-011,FR-064;FR-090;FR-126,AC-014,Media Markdown/Docling representation and transcript chunks.,Search/wiki entries link to media source/hash/timestamps and visibility.
WX-M8-011,M8,Must,Expose and qualify media CLI/API/Pi tools,quality_owner,L,todo,WX-M8-003;WX-M8-010;WX-M6-004,FR-001;FR-002;FR-120;FR-121;FR-126;FR-152,AC-013;AC-014;AC-018;AC-019,media info/get/gallery/stream/transcribe interfaces and tests.,"Metadata-only, acquisition, transcript, approval denial, cancellation and worker crash pass."
WX-M9-001,M9,Should,Implement registered Scrapy spider adapter,retrieval_owner,L,todo,WX-M5-001;WX-M4-009,FR-105,,"Allowlisted spider registry, settings, item/artifact mapping and checkpoint.",Unregistered arbitrary spider/code rejected; fixture spider resumes and writes receipts.
WX-M9-002,M9,Should,Implement Crawl4AI corpus/deep crawl mode,content_owner,M,todo,WX-M5-004;WX-M4-009,FR-105,,RAG corpus job over accepted URLs with bounded depth/pages.,Produces derived corpus artifacts without replacing source retrieval records.
WX-M9-003,M9,Should,Implement ArchiveBox routine capture adapter,content_owner,L,todo,WX-M8-001;WX-M4-003,FR-130,AC-025,Capture metadata/HTML/PDF/screenshot/media references linked to visit/page.,Fixture capture manifests validate and partial completeness is explicit.
WX-M9-004,M9,Must,Implement Browsertrix WARC/WACZ crawl adapter,content_owner,L,todo,WX-M4-003;WX-M4-009,FR-131,AC-025,High-fidelity bounded archive crawl and archive entity.,"Fixture WACZ/WARC is committed, hashed and linked; private egress denied."
WX-M9-005,M9,Must,Implement pywb/ReplayWeb.page replay sessions,operations_owner,M,todo,WX-M9-004,FR-132,AC-025,Loopback bounded replay service and CLI/API.,Origin-off fixture replays and archived timestamp/evidence is explicit.
WX-M9-006,M9,Should,Implement native RSS/Atom discovery and ingestion,content_owner,M,todo,WX-M2-001;WX-M2-004,FR-133,AC-024,Feed candidates/items with validators and source visits.,Native fixture feed ingests only new/changed items idempotently.
WX-M9-007,M9,Should,Implement RSSHub and RSS-Bridge adapters,content_owner,M,todo,WX-M9-006,FR-133,,Self-hosted generated-feed routes with health/provider metadata.,Failure degrades to native/change detection and is explicit.
WX-M9-008,M9,Must,"Implement watches, scheduler and meaningful change detection",content_owner,L,todo,WX-M2-008;WX-M4-007;WX-M9-006,FR-134,AC-024,"Scheduled jobs, selector/main-content diff and notification event.",Meaningful fixture creates one version/diff/projections; boilerplate-only does not.
WX-M9-009,M9,Should,Integrate changedetection.io backend,content_owner,M,todo,WX-M9-008,FR-134,AC-024,Optional backend mapped into normal visits/versions.,Backend disable does not lose scheduler state; outputs follow common contracts.
WX-M9-010,M9,Should,Implement Hurl API workflow adapter,retrieval_owner,M,todo,WX-M7-001;WX-M1-004,FR-135,,Approved Hurl files/secret vars/assertions and artifacts.,Local REST/GraphQL fixture passes; mutating/secret actions require scope.
WX-M9-011,M9,Should,Implement websocat WebSocket adapter,retrieval_owner,M,todo,WX-M1-006;WX-M1-004,FR-136,,Bounded send/receive session and transcript artifact.,Private endpoints blocked; message/byte/time limits and cancellation pass.
WX-M9-012,M9,Later,Implement restricted mitmproxy recording adapter,security_owner,L,todo,WX-M9-010;WX-M1-004,FR-137,,Human-only authorized capture workflow with protected cert/profile.,Pi cannot invoke/install cert; fixture capture redacts credentials and is audited.
WX-M9-013,M9,Should,Implement YaCy and Common Crawl discovery adapters,search_owner,L,todo,WX-M3-006,FR-022;FR-023;FR-024,AC-023,"Normalized provider results, caching and evidence labels.",Provider outage is isolated; historical results are not labeled current.
WX-M9-014,M9,Must,Expose archive/monitor/network/batch CLI API Pi tools,control_plane_owner,L,todo,WX-M9-005;WX-M9-008;WX-M9-010;WX-M9-011;WX-M6-004,FR-001;FR-002;FR-152,AC-024;AC-025,Canonical commands/tools and permissions.,Dynamic Pi groups/CLI help/results conform and restricted proxy is absent from Pi.
WX-M9-015,M9,Must,Qualify full non-AI capability profile,quality_owner,L,todo,WX-M9-014;WX-M9-013,FR-022;FR-105;FR-130;FR-131;FR-132;FR-133;FR-134;FR-135;FR-136;FR-137;NFR-M-001,AC-024;AC-025;AC-029,M9 archive/watch/API/provider E2E and origin-off replay.,Enabled deterministic health fixtures pass and optional disables are explicit.
WX-M10-001,M10,Must,Implement model runtime config validation and registry,model_owner,M,todo,WX-M1-001;WX-M1-004,FR-140;FR-141;FR-142,AC-016,"Registry enum only llama_cpp/vllm, local endpoint/model allowlist.",Ollama/external endpoint/unlisted model configs fail before network call.
WX-M10-002,M10,Must,Implement OpenAI-compatible model gateway core,model_owner,L,todo,WX-M10-001;WX-M1-007,FR-141;FR-142;FR-143,AC-015,"Bounded chat/structured/embedding/rerank adapter, health/concurrency/cancel.",Fake and real runtime fixtures conform; model has no web/filesystem tools.
WX-M10-003,M10,Must,Implement llama.cpp runtime adapter and smoke profile,model_owner,M,todo,WX-M10-002;WX-M0-008,FR-141;FR-142,AC-015;AC-016,Portable runtime health/models/structured/embedding capabilities.,CPU/Apple configured smoke passes; disabled runtime has no core impact.
WX-M10-004,M10,Should,Implement vLLM runtime adapter and GPU smoke profile,model_owner,M,todo,WX-M10-002;WX-M0-008,FR-141;FR-142,AC-015;AC-016,GPU runtime health/generation/embedding/rerank capability mapping.,Supported GPU smoke passes and resource/concurrency limits are reported.
WX-M10-005,M10,Must,Implement model run records and derived artifact provenance,data_owner,L,todo,WX-M10-002;WX-M1-010,FR-143;FR-144,AC-015,Model identity/input hashes/template/schema/parameters/output edges.,Every model output resolves to immutable sources; source hash remains unchanged.
WX-M10-006,M10,Must,Implement JSON Schema constrained structured extraction,model_owner,L,todo,WX-M10-005;WX-M2-004,FR-143,AC-015,Explicit allow-AI fallback with validation/retry bounds.,Invalid model JSON/schema is rejected and never committed as valid source data.
WX-M10-007,M10,Should,"Implement derived summaries, tags, entities and classifications",content_owner,L,todo,WX-M10-005,FR-143;FR-144;FR-146,AC-015,Optional derived enrichment artifacts and labeled search/wiki integration.,Derived fields never overwrite source and can be deleted/recomputed independently.
WX-M10-008,M10,Should,Implement embedding generation and cache,model_owner,L,todo,WX-M10-003;WX-M10-004;WX-M10-005,FR-145,AC-015,Chunk embeddings keyed by source/model/schema with dimension validation.,Same inputs hit cache; model/dimension change creates separate namespace.
WX-M10-009,M10,Should,Implement Meilisearch user-provided vectors and hybrid search,search_owner,L,todo,WX-M10-008;WX-M3-007,FR-085;FR-145,AC-015,Optional semantic index settings/doc vectors/query path.,Lexical fallback works when model/vector path is disabled or fails; visibility intact.
WX-M10-010,M10,Should,Implement local reranking pipeline,search_owner,M,todo,WX-M10-004;WX-M10-009,FR-147,,Bounded candidate rerank with model provenance and timeout fallback.,"Timeout/error returns original lexical/hybrid ranking, never empty result."
WX-M10-011,M10,Must,"Implement model privacy, egress and prompt-redaction tests",security_owner,L,todo,WX-M10-002;WX-M0-007,FR-140;FR-143;FR-144;NFR-PR-001;NFR-PR-006;NFR-SEC-003,AC-015;AC-016;AC-028,Network/filesystem isolation and canary prompt/output tests.,No source body appears in logs; runtimes cannot egress/read store; forbidden runtime scan passes.
WX-M10-012,M10,Must,Qualify optional AI and hybrid degradation,quality_owner,L,todo,WX-M10-006;WX-M10-009;WX-M10-011,FR-140;FR-146;NFR-R-006,AC-015;AC-016,"Models-off, llama.cpp and vLLM profile evidence.",Core passes with models stopped; valid derived output and lexical degradation pass.
WX-M11-001,M11,Must,Instrument OpenTelemetry traces across core and workers,operations_owner,L,todo,WX-M6-001;WX-M4-001,FR-164;NFR-O-001;NFR-O-004;NFR-PR-002,,W3C trace propagation and safe spans for jobs/engines/commit/outboxes/models.,Correlation complete; source/secrets absent; sampling policy works.
WX-M11-002,M11,Must,Implement Prometheus metrics and health dashboards,operations_owner,L,todo,WX-M11-001,FR-009;FR-161;FR-164;NFR-O-002,,"Metrics catalog, Prometheus config and Grafana dashboards.",Required queue/storage/engine/index/wiki/backup metrics visible without high-cardinality leaks.
WX-M11-003,M11,Must,Implement structured log collection and redaction tests,operations_owner,M,todo,WX-M1-012;WX-M11-001,FR-164;FR-165;NFR-O-003;NFR-SEC-004,AC-028,"Service log schema, optional Loki and support bundle redaction.",Secret canaries absent; support bundle contains versions/errors/IDs only.
WX-M11-004,M11,Must,Implement local alert rules and runbook links,operations_owner,M,todo,WX-M11-002,FR-161;FR-164;NFR-O-002,,Critical/high/warning rules for integrity/disk/backup/backlog/engines/security.,Synthetic threshold tests fire and each alert links exact runbook.
WX-M11-005,M11,Must,Implement Restic backup orchestration and manifest,operations_owner,L,todo,WX-M1-010;WX-M0-008,FR-162;NFR-R-008,AC-020,Encrypted coordinated SQLite/artifact/config/outbox backup.,Daily fixture backup verifies and records manifest/hash without raw secret exposure.
WX-M11-006,M11,Must,Implement SQLite online backup and integrity verification,data_owner,M,todo,WX-M11-005;WX-M1-002,FR-162,AC-020,"Online backup API, quick/full integrity and schema checks.",Concurrent writes produce consistent restorable backup.
WX-M11-007,M11,Must,Implement Meilisearch snapshot and dump procedures,search_owner,M,todo,WX-M11-005;WX-M3-007,FR-087;FR-163,AC-020;AC-021,Same-version snapshot and pre-upgrade dump automation.,Tasks complete/verify and restore/rebuild path is documented/tested.
WX-M11-008,M11,Must,Implement full restore and reconciliation automation,operations_owner,L,todo,WX-M11-005;WX-M11-006;WX-M11-007,FR-160;FR-162;FR-163;NFR-R-009,AC-020,"Restore to empty path, verify, reconcile leases/outboxes/index/wiki.",Clean-host restore passes hashes/DB/search/wiki/doctor within RTO target.
WX-M11-009,M11,Must,"Implement retention planner, GC and artifact scrub",data_owner,L,todo,WX-M1-009;WX-M1-012,FR-073;FR-075;NFR-D-001;NFR-D-003;NFR-D-004;NFR-D-005;NFR-D-006;NFR-D-008;NFR-D-009;NFR-D-010;NFR-PR-004,,"Plan/apply/hold/delete ledger, orphan/reference/hash checks.",Routine GC cannot delete Markdown/current/legal-held/referenced source; deletion audited.
WX-M11-010,M11,Must,Harden rootless deployment and systemd units,operations_owner,L,todo,WX-M0-012;WX-M11-002,FR-044;FR-160;FR-161;NFR-SEC-002;NFR-C-001,,"Compose/systemd units, limits, mounts, networks, profiles and startup order.",Host inspection finds no public sensitive ports/home/Docker socket/root service.
WX-M11-011,M11,Must,"Implement upgrade preflight, migrations and rollback automation",operations_owner,L,todo,WX-M1-002;WX-M11-008;WX-M11-010,FR-160;FR-163;NFR-M-005,AC-021,"Version compatibility, drain, backup, migration, index switch and restore rollback.",Prior release upgrade passes; injected smoke failure restores prior release/data.
WX-M11-012,M11,Must,Implement disk backpressure and capacity forecast,operations_owner,M,todo,WX-M3-013;WX-M11-002,FR-010;NFR-S-001;NFR-P-009,,"80/90/95 thresholds, reservation and shedding order.",Disk-full fixture rejects before network/commit and preserves reads/cancel/cleanup.
WX-M11-013,M11,Must,"Run security fuzz, dependency and container hardening suite",security_owner,L,todo,WX-M11-010;WX-M0-009,FR-011;FR-044;NFR-SEC-006;NFR-SEC-010,AC-028,SBOM/CVE/secret/static/fuzz/sandbox/visibility suite.,No unresolved critical/high; exceptions have owner/expiry; adversarial tests pass.
WX-M11-014,M11,Must,"Run performance, soak and chaos qualification",quality_owner,L,todo,WX-M11-002;WX-M11-012,FR-005;FR-010;FR-161;FR-164;NFR-P-001;NFR-S-001;NFR-R-002;NFR-R-007,AC-019,"Reference load, worker kill, outage, backlog drain and leak tests.",Targets met; no busy errors/unbounded memory; optional outages do not corrupt source.
WX-M11-015,M11,Must,Complete monthly-style destructive restore drill,operations_owner,L,todo,WX-M11-008;WX-M11-014,FR-160;FR-162;FR-163;NFR-R-008;NFR-R-009,AC-020,Restore/rebuild on clean staging with evidence bundle.,Manifest/count/hash/current/wiki/doctor comparisons pass and measured RTO recorded.
WX-M12-001,M12,Must,Resolve all Must and Should backlog items or approved deferrals,product_owner,L,todo,WX-M11-015,,AC-030,Backlog closure and explicit release scope.,No silent Should omission; all blockers and risks have disposition.
WX-M12-002,M12,Must,Run clean-host CPU full release qualification,quality_owner,L,todo,WX-M12-001,FR-160;FR-161,AC-030,End-to-end install and full enabled CPU profile acceptance.,All required ACs and release-check pass from release bundle only.
WX-M12-003,M12,Must,Run NVIDIA vLLM and Apple/llama.cpp smoke profiles,quality_owner,M,todo,WX-M12-001;WX-M10-012,FR-140;FR-141;FR-142,AC-015;AC-030,Hardware profile model/runtime tests where supported.,Capabilities/limits/output/degradation are recorded; unsupported optional platform explicit.
WX-M12-004,M12,Must,Validate API CLI Pi schema compatibility and docs,technical_lead,M,todo,WX-M12-002,FR-001;FR-002;FR-150;FR-151;FR-152;NFR-C-003;NFR-M-003,AC-017;AC-022,Final generated-client/tool/help/link/example validation.,No contract drift/broken local links/stale commands; examples execute.
WX-M12-005,M12,Must,Validate no paid required services and no Ollama integration,security_owner,S,todo,WX-M12-002;WX-M10-011,FR-140;FR-141;NFR-PR-001,AC-016,Dependency/config/image/runtime audit report.,Baseline operates offline/local without paid credentials and forbidden runtime scan passes.
WX-M12-006,M12,Must,"Produce signed release bundle, SBOM, notices and checksums",operations_owner,M,todo,WX-M12-002;WX-M12-004;WX-M12-005,FR-160;FR-162;NFR-SEC-006,AC-030,Immutable distributable artifacts and evidence.,"Checksums verify, lock has digests, notices/SBOM complete, signature present when infrastructure configured."
WX-M12-007,M12,Must,"Perform upgrade, rollback, backup, restore and reindex rehearsal",operations_owner,L,todo,WX-M12-006,FR-087;FR-160;FR-162;FR-163,AC-009;AC-020;AC-021,Release candidate operational rehearsal.,All rehearsals pass using published runbooks and release bundle.
WX-M12-008,M12,Must,Conduct final security and privacy review,security_owner,L,todo,WX-M12-007,FR-011;FR-074;FR-086;FR-095;FR-155,AC-005;AC-011;AC-026;AC-028,Threat model/control/test/risk evidence review.,No open critical/high issue; privacy/visibility/tombstone/credential evidence accepted.
WX-M12-009,M12,Must,Conduct operator runbook usability test,operations_owner,M,todo,WX-M12-007,FR-160;FR-161,AC-020;AC-030,New operator installs/uses/restores without undocumented knowledge.,Operator completes required tasks following docs only and ambiguities are corrected.
WX-M12-010,M12,Must,Approve 1.0 release and archive evidence,product_owner,S,todo,WX-M12-008;WX-M12-009,,AC-030,"Release decision, notes, known limitations, evidence hash and rollback version.",Product/technical/security/operations owners sign release record and publish artifacts.
